プレミスト千代田御茶ノ水,東京都千代田区外神田２,築11年,9階建,21万円,2LDK,47.37m2,5階
プレミスト千代田御茶ノ水,東京都千代田区外神田２,築11年,9階建,26.5万円,2LDK,55.81m2,3階
プレミスト千代田御茶ノ水,東京都千代田区外神田２,築11年,9階建,26.5万円,2LDK,55.81m2,3階
プレミスト千代田御茶ノ水,東京都千代田区外神田２,築11年,9階建,26.5万円,2LDK,55.81m2,3階
カスタリア東日本橋,東京都中央区日本橋横山町,築17年,地下1地上16階建,14.4万円,1LDK,40.14m2,5階
カスタリア東日本橋,東京都中央区日本橋横山町,築17年,地下1地上16階建,19.4万円,2LDK,55.05m2,6階
カスタリア東日本橋,東京都中央区日本橋横山町,築17年,地下1地上16階建,21.1万円,2LDK,55.05m2,12階
カスタリア東日本橋,東京都中央区日本橋横山町,築17年,地下1地上16階建,21.3万円,2LDK,58.41m2,8階
カスタリア東日本橋,東京都中央区日本橋横山町,築17年,地下1地上16階建,24.2万円,3LDK,70.5m2,4階
カスタリア東日本橋,東京都中央区日本橋横山町,築17年,地下1地上16階建,30.9万円,3LDK,80.14m2,15階
カスタリア東日本橋,東京都中央区日本橋横山町,築17年,地下1地上16階建,30.9万円,3LDK,80.14m2,15階
グランカーサ銀座イースト,東京都中央区湊３,築18年,12階建,19.5万円,2LDK,57.53m2,10階
レジディア水道橋,東京都千代田区神田三崎町３,築18年,地下1地上14階建,14万円,1K,34.39m2,7階
レジディア水道橋,東京都千代田区神田三崎町３,築18年,地下1地上14階建,23.3万円,2LDK,57.96m2,5階
レジディア水道橋,東京都千代田区神田三崎町３,築18年,地下1地上14階建,25万円,2LDK,57.96m2,5階
都営新宿線 岩本町駅 12階建 築6年,東京都千代田区東神田２,築6年,12階建,10万円,1K,25.21m2,7階
都営新宿線 岩本町駅 12階建 築6年,東京都千代田区東神田２,築6年,12階建,14.5万円,1LDK,37.17m2,11階
都営新宿線 岩本町駅 12階建 築6年,東京都千代田区東神田２,築6年,12階建,14.7万円,1LDK,40.34m2,6階
ボストーク・ネオ,東京都千代田区東神田２,築6年,12階建,14.5万円,1LDK,37.17m2,11階
ボストーク・ネオ,東京都千代田区東神田２,築6年,12階建,14.7万円,1LDK,40.34m2,6階
カーザビアンカ,東京都文京区関口１,築4年,13階建,12.9万円,1LDK,32.7m2,3階
カーザビアンカ,東京都文京区関口１,築4年,13階建,12.9万円,1LDK,32.7m2,3階
カーザビアンカ,東京都文京区関口１,築4年,13階建,12.9万円,1LDK,32.07m2,3階
カーザビアンカ,東京都文京区関口１,築4年,13階建,13.2万円,1LDK,32.7m2,6階
カーザビアンカ,東京都文京区関口１,築4年,13階建,13.3万円,1LDK,32.7m2,7階
カーザビアンカ,東京都文京区関口１,築4年,13階建,16.4万円,1LDK,40.91m2,4階
カーザビアンカ,東京都文京区関口１,築4年,13階建,16.7万円,1LDK,43.87m2,3階
カーザビアンカ,東京都文京区関口１,築4年,13階建,16.7万円,1LDK,43.87m2,3階
カーザビアンカ,東京都文京区関口１,築4年,13階建,17.5万円,1SLDK,44.83m2,3階
カーザビアンカ,東京都文京区関口１,築4年,13階建,26万円,3LDK,64m2,11階
カーザビアンカ,東京都文京区関口１,築4年,13階建,26.5万円,3LDK,64m2,13階
パークアクシス文京ステージ,東京都文京区水道２,築17年,11階建,10.5万円,1K,30.84m2,1階
パークアクシス文京ステージ,東京都文京区水道２,築17年,11階建,10.8万円,1K,30.84m2,1階
パークアクシス文京ステージ,東京都文京区水道２,築17年,11階建,10.9万円,1K,29.29m2,3階
パークアクシス文京ステージ,東京都文京区水道２,築17年,11階建,11.2万円,1K,29.29m2,3階
パークアクシス文京ステージ,東京都文京区水道２,築17年,11階建,11.3万円,1K,29.29m2,7階
パークアクシス文京ステージ,東京都文京区水道２,築17年,11階建,11.7万円,1K,29.29m2,8階
パークアクシス文京ステージ,東京都文京区水道２,築17年,11階建,12.7万円,1K,36.13m2,3階
パークアクシス文京ステージ,東京都文京区水道２,築17年,11階建,18.2万円,1LDK,50.76m2,5階
パークアクシス文京ステージ,東京都文京区水道２,築17年,11階建,19.3万円,2LDK,47.41m2,3階
パークアクシス文京ステージ,東京都文京区水道２,築17年,11階建,19.7万円,2LDK,55.41m2,1階
パークアクシス文京ステージ,東京都文京区水道２,築17年,11階建,19.7万円,2LDK,55.41m2,1階
ドゥーエ月島2,東京都中央区佃３,築3年,12階建,17.4万円,1LDK,40m2,3階
ドゥーエ月島2,東京都中央区佃３,築3年,12階建,17.9万円,1LDK,40m2,3階
ドゥーエ月島2,東京都中央区佃３,築3年,12階建,18万円,1LDK,40.05m2,5階
ドゥーエ月島2,東京都中央区佃３,築3年,12階建,18万円,1LDK,40m2,8階
ドゥーエ月島2,東京都中央区佃３,築3年,12階建,18.7万円,1LDK,40m2,8階
ドゥーエ月島2,東京都中央区佃３,築3年,12階建,18.8万円,1LDK,40.05m2,10階
ドゥーエ月島2,東京都中央区佃３,築3年,12階建,18.8万円,1LDK,40.05m2,10階
ドゥーエ月島2,東京都中央区佃３,築3年,12階建,23.7万円,2LDK,52.77m2,11階
CITY CURRENT大手町,東京都千代田区神田錦町１,築17年,14階建,9.8万円,ワンルーム,23.31m2,8階
CITY CURRENT大手町,東京都千代田区神田錦町１,築17年,14階建,10.3万円,ワンルーム,24.25m2,9階
CITY CURRENT大手町,東京都千代田区神田錦町１,築17年,14階建,10.3万円,ワンルーム,23.31m2,13階
CITY CURRENT大手町,東京都千代田区神田錦町１,築17年,14階建,14.9万円,1DK,39.09m2,3階
リバーシティ21イーストタワーズ8棟,東京都中央区佃２,築34年,地下1地上19階建,22.9万円,1LDK,57.59m2,16階
リバーシティ21イーストタワーズ8棟,東京都中央区佃２,築34年,地下1地上19階建,29万円,1SLDK,69.17m2,11階
リバーシティ21イーストタワーズ8棟,東京都中央区佃２,築34年,地下1地上19階建,29万円,1SLDK,69.17m2,11階
リバーシティ21イーストタワーズ8棟,東京都中央区佃２,築34年,地下1地上19階建,36万円,3LDK,96.31m2,6階
トルナーレ日本橋浜町,東京都中央区日本橋浜町３,築17年,地下2地上47階建,17.7万円,1K,43.89m2,26階
トルナーレ日本橋浜町,東京都中央区日本橋浜町３,築17年,地下2地上47階建,19万円,ワンルーム,44.01m2,11階
トルナーレ日本橋浜町,東京都中央区日本橋浜町３,築17年,地下2地上47階建,22.9万円,1LDK,57.89m2,43階
トルナーレ日本橋浜町,東京都中央区日本橋浜町３,築17年,地下2地上47階建,23.2万円,1LDK,61.62m2,19階
トルナーレ日本橋浜町,東京都中央区日本橋浜町３,築17年,地下2地上47階建,23.4万円,1LDK,67.33m2,5階
トルナーレ日本橋浜町,東京都中央区日本橋浜町３,築17年,地下2地上47階建,23.8万円,1LDK,60.22m2,18階
トルナーレ日本橋浜町,東京都中央区日本橋浜町３,築17年,地下2地上47階建,23.9万円,1LDK,66.9m2,9階
トルナーレ日本橋浜町,東京都中央区日本橋浜町３,築17年,地下2地上47階建,23.9万円,1LDK,57.89m2,43階
トルナーレ日本橋浜町,東京都中央区日本橋浜町３,築17年,地下2地上47階建,25.1万円,1SLDK,65.24m2,18階
トルナーレ日本橋浜町,東京都中央区日本橋浜町３,築17年,地下2地上47階建,25.3万円,1SLDK,67.4m2,24階
トルナーレ日本橋浜町,東京都中央区日本橋浜町３,築17年,地下2地上47階建,25.8万円,1SLDK,65.24m2,34階
トルナーレ日本橋浜町,東京都中央区日本橋浜町３,築17年,地下2地上47階建,25.8万円,1SLDK,65.24m2,34階
トルナーレ日本橋浜町,東京都中央区日本橋浜町３,築17年,地下2地上47階建,26.3万円,2LDK,76.12m2,4階
トルナーレ日本橋浜町,東京都中央区日本橋浜町３,築17年,地下2地上47階建,26.3万円,1SLDK,65.24m2,42階
トルナーレ日本橋浜町,東京都中央区日本橋浜町３,築17年,地下2地上47階建,26.8万円,1SLDK,65.24m2,34階
トルナーレ日本橋浜町,東京都中央区日本橋浜町３,築17年,地下2地上47階建,32万円,2LDK,79.62m2,16階
トルナーレ日本橋浜町,東京都中央区日本橋浜町３,築17年,地下2地上47階建,32万円,3LDK,79.27m2,21階
トルナーレ日本橋浜町,東京都中央区日本橋浜町３,築17年,地下2地上47階建,34.5万円,2LDK,79.27m2,41階
トルナーレ日本橋浜町,東京都中央区日本橋浜町３,築17年,地下2地上47階建,34.5万円,2LDK,79.27m2,41階
トルナーレ日本橋浜町,東京都中央区日本橋浜町３,築17年,地下2地上47階建,43万円,3LDK,101.84m2,10階
トルナーレ日本橋浜町,東京都中央区日本橋浜町３,築17年,地下2地上47階建,43万円,3LDK,101.84m2,10階
ピアース千代田淡路町,東京都千代田区神田美土代町,築6年,13階建,12.6万円,1K,25.6m2,3階
ピアース千代田淡路町,東京都千代田区神田美土代町,築6年,13階建,12.8万円,1K,25.17m2,3階
ピアース千代田淡路町,東京都千代田区神田美土代町,築6年,13階建,19.5万円,2LDK,46.59m2,5階
ピアース千代田淡路町,東京都千代田区神田美土代町,築6年,13階建,20万円,2LDK,46.59m2,4階
ピアース千代田淡路町,東京都千代田区神田美土代町,築6年,13階建,23万円,2LDK,46.59m2,4階
ピアース千代田淡路町,東京都千代田区神田美土代町,築6年,13階建,25万円,2LDK,46.59m2,4階
クレストシティレジデンス,東京都中央区勝どき５,築16年,地下1地上18階建,25万円,2LDK,70.31m2,16階
ザ・パークワンズ神田,東京都千代田区神田西福田町,築4年,12階建,14.4万円,ワンルーム,28.69m2,3階
ザ・パークワンズ神田,東京都千代田区神田西福田町,築4年,12階建,16.8万円,1DK,34.59m2,9階
ザ・パークワンズ神田,東京都千代田区神田西福田町,築4年,12階建,21.1万円,1LDK,44.83m2,12階
東京メトロ半蔵門線 水天宮前駅 10階建 新築,東京都中央区日本橋人形町２,新築,10階建,11.7万円,1K,25.47m2,1階
東京メトロ半蔵門線 水天宮前駅 10階建 新築,東京都中央区日本橋人形町２,新築,10階建,11.7万円,1K,25.47m2,1階
東京メトロ半蔵門線 水天宮前駅 10階建 新築,東京都中央区日本橋人形町２,新築,10階建,12万円,1K,25.59m2,2階
東京メトロ半蔵門線 水天宮前駅 10階建 新築,東京都中央区日本橋人形町２,新築,10階建,12万円,1K,25.59m2,2階
東京メトロ半蔵門線 水天宮前駅 10階建 新築,東京都中央区日本橋人形町２,新築,10階建,12万円,1K,25.47m2,2階
東京メトロ半蔵門線 水天宮前駅 10階建 新築,東京都中央区日本橋人形町２,新築,10階建,12万円,1K,25.47m2,2階
東京メトロ半蔵門線 水天宮前駅 10階建 新築,東京都中央区日本橋人形町２,新築,10階建,12万円,1K,25.47m2,2階
東京メトロ半蔵門線 水天宮前駅 10階建 新築,東京都中央区日本橋人形町２,新築,10階建,12.1万円,1K,25.59m2,3階
東京メトロ半蔵門線 水天宮前駅 10階建 新築,東京都中央区日本橋人形町２,新築,10階建,12.1万円,1K,25.59m2,3階
東京メトロ半蔵門線 水天宮前駅 10階建 新築,東京都中央区日本橋人形町２,新築,10階建,12.1万円,1K,25.47m2,3階
東京メトロ半蔵門線 水天宮前駅 10階建 新築,東京都中央区日本橋人形町２,新築,10階建,12.1万円,1K,25.47m2,3階
東京メトロ半蔵門線 水天宮前駅 10階建 新築,東京都中央区日本橋人形町２,新築,10階建,12.1万円,1K,25.47m2,3階
東京メトロ半蔵門線 水天宮前駅 10階建 新築,東京都中央区日本橋人形町２,新築,10階建,12.2万円,1K,25.59m2,4階
東京メトロ半蔵門線 水天宮前駅 10階建 新築,東京都中央区日本橋人形町２,新築,10階建,12.2万円,1K,25.59m2,4階
東京メトロ半蔵門線 水天宮前駅 10階建 新築,東京都中央区日本橋人形町２,新築,10階建,12.2万円,1K,25.47m2,4階
東京メトロ半蔵門線 水天宮前駅 10階建 新築,東京都中央区日本橋人形町２,新築,10階建,12.2万円,1K,25.47m2,4階
東京メトロ半蔵門線 水天宮前駅 10階建 新築,東京都中央区日本橋人形町２,新築,10階建,12.2万円,1K,25.47m2,4階
東京メトロ半蔵門線 水天宮前駅 10階建 新築,東京都中央区日本橋人形町２,新築,10階建,12.2万円,1K,25.47m2,4階
東京メトロ半蔵門線 水天宮前駅 10階建 新築,東京都中央区日本橋人形町２,新築,10階建,12.3万円,1K,25.59m2,5階
東京メトロ半蔵門線 水天宮前駅 10階建 新築,東京都中央区日本橋人形町２,新築,10階建,12.3万円,1K,25.59m2,5階
東京メトロ半蔵門線 水天宮前駅 10階建 新築,東京都中央区日本橋人形町２,新築,10階建,12.3万円,1K,25.47m2,5階
東京メトロ半蔵門線 水天宮前駅 10階建 新築,東京都中央区日本橋人形町２,新築,10階建,12.3万円,1K,25.47m2,5階
東京メトロ半蔵門線 水天宮前駅 10階建 新築,東京都中央区日本橋人形町２,新築,10階建,12.3万円,1K,25.47m2,5階
東京メトロ半蔵門線 水天宮前駅 10階建 新築,東京都中央区日本橋人形町２,新築,10階建,12.3万円,1K,25.47m2,5階
東京メトロ半蔵門線 水天宮前駅 10階建 新築,東京都中央区日本橋人形町２,新築,10階建,12.4万円,1K,25.59m2,6階
東京メトロ半蔵門線 水天宮前駅 10階建 新築,東京都中央区日本橋人形町２,新築,10階建,12.4万円,1K,25.59m2,6階
東京メトロ半蔵門線 水天宮前駅 10階建 新築,東京都中央区日本橋人形町２,新築,10階建,12.4万円,1K,25.47m2,6階
東京メトロ半蔵門線 水天宮前駅 10階建 新築,東京都中央区日本橋人形町２,新築,10階建,12.4万円,1K,25.47m2,6階
東京メトロ半蔵門線 水天宮前駅 10階建 新築,東京都中央区日本橋人形町２,新築,10階建,12.4万円,1K,25.47m2,6階
東京メトロ半蔵門線 水天宮前駅 10階建 新築,東京都中央区日本橋人形町２,新築,10階建,12.4万円,1K,25.47m2,6階
東京メトロ半蔵門線 水天宮前駅 10階建 新築,東京都中央区日本橋人形町２,新築,10階建,12.5万円,1K,25.59m2,7階
東京メトロ半蔵門線 水天宮前駅 10階建 新築,東京都中央区日本橋人形町２,新築,10階建,12.5万円,1K,25.59m2,7階
東京メトロ半蔵門線 水天宮前駅 10階建 新築,東京都中央区日本橋人形町２,新築,10階建,12.5万円,1K,25.47m2,7階
東京メトロ半蔵門線 水天宮前駅 10階建 新築,東京都中央区日本橋人形町２,新築,10階建,12.5万円,1K,25.47m2,7階
東京メトロ半蔵門線 水天宮前駅 10階建 新築,東京都中央区日本橋人形町２,新築,10階建,12.5万円,1K,25.47m2,7階
東京メトロ半蔵門線 水天宮前駅 10階建 新築,東京都中央区日本橋人形町２,新築,10階建,12.5万円,1K,25.47m2,7階
東京メトロ半蔵門線 水天宮前駅 10階建 新築,東京都中央区日本橋人形町２,新築,10階建,12.6万円,1K,25.59m2,8階
東京メトロ半蔵門線 水天宮前駅 10階建 新築,東京都中央区日本橋人形町２,新築,10階建,12.6万円,1K,25.59m2,8階
東京メトロ半蔵門線 水天宮前駅 10階建 新築,東京都中央区日本橋人形町２,新築,10階建,12.6万円,1K,25.47m2,8階
東京メトロ半蔵門線 水天宮前駅 10階建 新築,東京都中央区日本橋人形町２,新築,10階建,12.6万円,1K,25.47m2,8階
東京メトロ半蔵門線 水天宮前駅 10階建 新築,東京都中央区日本橋人形町２,新築,10階建,12.6万円,1K,25.47m2,8階
東京メトロ半蔵門線 水天宮前駅 10階建 新築,東京都中央区日本橋人形町２,新築,10階建,12.6万円,1K,25.47m2,8階
東京メトロ半蔵門線 水天宮前駅 10階建 新築,東京都中央区日本橋人形町２,新築,10階建,12.7万円,1K,25.59m2,9階
東京メトロ半蔵門線 水天宮前駅 10階建 新築,東京都中央区日本橋人形町２,新築,10階建,12.7万円,1K,25.59m2,9階
東京メトロ半蔵門線 水天宮前駅 10階建 新築,東京都中央区日本橋人形町２,新築,10階建,12.7万円,1K,25.47m2,10階
東京メトロ半蔵門線 水天宮前駅 10階建 新築,東京都中央区日本橋人形町２,新築,10階建,12.7万円,1K,25.47m2,9階
東京メトロ半蔵門線 水天宮前駅 10階建 新築,東京都中央区日本橋人形町２,新築,10階建,12.7万円,1K,25.47m2,9階
東京メトロ半蔵門線 水天宮前駅 10階建 新築,東京都中央区日本橋人形町２,新築,10階建,12.7万円,1K,25.47m2,9階
東京メトロ半蔵門線 水天宮前駅 10階建 新築,東京都中央区日本橋人形町２,新築,10階建,12.7万円,1K,25.47m2,9階
東京メトロ半蔵門線 水天宮前駅 10階建 新築,東京都中央区日本橋人形町２,新築,10階建,12.8万円,1K,25.59m2,10階
東京メトロ半蔵門線 水天宮前駅 10階建 新築,東京都中央区日本橋人形町２,新築,10階建,12.8万円,1K,25.59m2,10階
東京メトロ半蔵門線 水天宮前駅 10階建 新築,東京都中央区日本橋人形町２,新築,10階建,12.8万円,1K,25.47m2,10階
東京メトロ半蔵門線 水天宮前駅 10階建 新築,東京都中央区日本橋人形町２,新築,10階建,12.8万円,1K,25.47m2,10階
東京メトロ半蔵門線 水天宮前駅 10階建 新築,東京都中央区日本橋人形町２,新築,10階建,13万円,1K,25.88m2,10階
東京メトロ半蔵門線 水天宮前駅 10階建 新築,東京都中央区日本橋人形町２,新築,10階建,13.3万円,1K,25.88m2,10階
東京メトロ半蔵門線 水天宮前駅 10階建 新築,東京都中央区日本橋人形町２,新築,10階建,19.5万円,1SLDK,42.61m2,2階
東京メトロ半蔵門線 水天宮前駅 10階建 新築,東京都中央区日本橋人形町２,新築,10階建,19.5万円,1LDK,42.61m2,2階
東京メトロ半蔵門線 水天宮前駅 10階建 新築,東京都中央区日本橋人形町２,新築,10階建,19.5万円,1SLDK,42.61m2,2階
東京メトロ半蔵門線 水天宮前駅 10階建 新築,東京都中央区日本橋人形町２,新築,10階建,19.6万円,1SLDK,42.61m2,3階
東京メトロ半蔵門線 水天宮前駅 10階建 新築,東京都中央区日本橋人形町２,新築,10階建,19.6万円,1LDK,42.61m2,3階
東京メトロ半蔵門線 水天宮前駅 10階建 新築,東京都中央区日本橋人形町２,新築,10階建,19.7万円,1SLDK,42.61m2,4階
東京メトロ半蔵門線 水天宮前駅 10階建 新築,東京都中央区日本橋人形町２,新築,10階建,19.7万円,1SLDK,42.61m2,4階
東京メトロ半蔵門線 水天宮前駅 10階建 新築,東京都中央区日本橋人形町２,新築,10階建,19.8万円,1SLDK,42.61m2,5階
東京メトロ半蔵門線 水天宮前駅 10階建 新築,東京都中央区日本橋人形町２,新築,10階建,19.8万円,1SLDK,42.61m2,5階
東京メトロ半蔵門線 水天宮前駅 10階建 新築,東京都中央区日本橋人形町２,新築,10階建,19.9万円,1SLDK,42.61m2,6階
東京メトロ半蔵門線 水天宮前駅 10階建 新築,東京都中央区日本橋人形町２,新築,10階建,19.9万円,1SLDK,42.61m2,6階
東京メトロ半蔵門線 水天宮前駅 10階建 新築,東京都中央区日本橋人形町２,新築,10階建,20万円,1SLDK,42.61m2,7階
東京メトロ半蔵門線 水天宮前駅 10階建 新築,東京都中央区日本橋人形町２,新築,10階建,20万円,1SLDK,42.61m2,7階
東京メトロ半蔵門線 水天宮前駅 10階建 新築,東京都中央区日本橋人形町２,新築,10階建,20.1万円,1SLDK,42.61m2,8階
東京メトロ半蔵門線 水天宮前駅 10階建 新築,東京都中央区日本橋人形町２,新築,10階建,20.1万円,1SLDK,42.61m2,8階
東京メトロ半蔵門線 水天宮前駅 10階建 新築,東京都中央区日本橋人形町２,新築,10階建,20.2万円,1SLDK,42.61m2,9階
東京メトロ半蔵門線 水天宮前駅 10階建 新築,東京都中央区日本橋人形町２,新築,10階建,20.2万円,1SLDK,42.61m2,9階
東京メトロ半蔵門線 水天宮前駅 10階建 新築,東京都中央区日本橋人形町２,新築,10階建,20.2万円,1SLDK,42.61m2,9階
アーバネックス日本橋水天宮,東京都中央区日本橋蛎殻町１,築3年,10階建,20.4万円,1LDK,40.9m2,8階
アーバネックス日本橋水天宮,東京都中央区日本橋蛎殻町１,築3年,10階建,21.6万円,2LDK,40.47m2,6階
フォレストテラス鳥居坂,東京都港区六本木５,築7年,地下2地上8階建,80万円,1LDK,106.15m2,1階
フォレストテラス鳥居坂,東京都港区六本木５,築7年,地下2地上8階建,130万円,3SLDK,150.49m2,4階
THE TOKYO TOWERS MIDTOWER【ザ・東京タワーズ,東京都中央区勝どき６,築15年,地下2地上58階建,17.5万円,1DK,47.57m2,12階
THE TOKYO TOWERS MIDTOWER【ザ・東京タワーズ,東京都中央区勝どき６,築15年,地下2地上58階建,17.7万円,1DK,47.57m2,13階
THE TOKYO TOWERS MIDTOWER【ザ・東京タワーズ,東京都中央区勝どき６,築15年,地下2地上58階建,17.7万円,1DK,46.38m2,11階
THE TOKYO TOWERS MIDTOWER【ザ・東京タワーズ,東京都中央区勝どき６,築15年,地下2地上58階建,18.2万円,1LDK,52.29m2,9階
THE TOKYO TOWERS MIDTOWER【ザ・東京タワーズ,東京都中央区勝どき６,築15年,地下2地上58階建,18.8万円,1DK,46.38m2,13階
THE TOKYO TOWERS MIDTOWER【ザ・東京タワーズ,東京都中央区勝どき６,築15年,地下2地上58階建,19万円,1DK,47.57m2,19階
THE TOKYO TOWERS MIDTOWER【ザ・東京タワーズ,東京都中央区勝どき６,築15年,地下2地上58階建,19.5万円,1DK,46.38m2,19階
THE TOKYO TOWERS MIDTOWER【ザ・東京タワーズ,東京都中央区勝どき６,築15年,地下2地上58階建,19.2万円,1LDK,53.81m2,11階
THE TOKYO TOWERS MIDTOWER【ザ・東京タワーズ,東京都中央区勝どき６,築15年,地下2地上58階建,19.2万円,1LDK,53.81m2,12階
THE TOKYO TOWERS MIDTOWER【ザ・東京タワーズ,東京都中央区勝どき６,築15年,地下2地上58階建,19.8万円,ワンルーム,48.29m2,23階
THE TOKYO TOWERS MIDTOWER【ザ・東京タワーズ,東京都中央区勝どき６,築15年,地下2地上58階建,19.6万円,1LDK,53.38m2,8階
THE TOKYO TOWERS MIDTOWER【ザ・東京タワーズ,東京都中央区勝どき６,築15年,地下2地上58階建,19.6万円,1LDK,53.38m2,9階
THE TOKYO TOWERS MIDTOWER【ザ・東京タワーズ,東京都中央区勝どき６,築15年,地下2地上58階建,20.1万円,ワンルーム,48.29m2,28階
THE TOKYO TOWERS MIDTOWER【ザ・東京タワーズ,東京都中央区勝どき６,築15年,地下2地上58階建,20.4万円,1DK,46.38m2,19階
THE TOKYO TOWERS MIDTOWER【ザ・東京タワーズ,東京都中央区勝どき６,築15年,地下2地上58階建,20万円,1LDK,52.45m2,24階
THE TOKYO TOWERS MIDTOWER【ザ・東京タワーズ,東京都中央区勝どき６,築15年,地下2地上58階建,20.5万円,1DK,46.38m2,17階
THE TOKYO TOWERS MIDTOWER【ザ・東京タワーズ,東京都中央区勝どき６,築15年,地下2地上58階建,20.7万円,1DK,46.38m2,19階
THE TOKYO TOWERS MIDTOWER【ザ・東京タワーズ,東京都中央区勝どき６,築15年,地下2地上58階建,20.3万円,1LDK,55.03m2,15階
THE TOKYO TOWERS MIDTOWER【ザ・東京タワーズ,東京都中央区勝どき６,築15年,地下2地上58階建,20.3万円,1LDK,55.03m2,14階
THE TOKYO TOWERS MIDTOWER【ザ・東京タワーズ,東京都中央区勝どき６,築15年,地下2地上58階建,20.5万円,1LDK,52.45m2,24階
THE TOKYO TOWERS MIDTOWER【ザ・東京タワーズ,東京都中央区勝どき６,築15年,地下2地上58階建,20.7万円,1LDK,52.32m2,19階
THE TOKYO TOWERS MIDTOWER【ザ・東京タワーズ,東京都中央区勝どき６,築15年,地下2地上58階建,20.8万円,1LDK,55.97m2,4階
THE TOKYO TOWERS MIDTOWER【ザ・東京タワーズ,東京都中央区勝どき６,築15年,地下2地上58階建,21.1万円,1LDK,53.74m2,23階
THE TOKYO TOWERS MIDTOWER【ザ・東京タワーズ,東京都中央区勝どき６,築15年,地下2地上58階建,21.1万円,1LDK,50.95m2,23階
THE TOKYO TOWERS MIDTOWER【ザ・東京タワーズ,東京都中央区勝どき６,築15年,地下2地上58階建,21.5万円,1LDK,53.74m2,27階
THE TOKYO TOWERS MIDTOWER【ザ・東京タワーズ,東京都中央区勝どき６,築15年,地下2地上58階建,21.8万円,1LDK,53.81m2,12階
THE TOKYO TOWERS MIDTOWER【ザ・東京タワーズ,東京都中央区勝どき６,築15年,地下2地上58階建,22.3万円,1LDK,52.32m2,16階
THE TOKYO TOWERS MIDTOWER【ザ・東京タワーズ,東京都中央区勝どき６,築15年,地下2地上58階建,21.9万円,1LDK,55.52m2,24階
THE TOKYO TOWERS MIDTOWER【ザ・東京タワーズ,東京都中央区勝どき６,築15年,地下2地上58階建,22.1万円,1LDK,55.52m2,25階
THE TOKYO TOWERS MIDTOWER【ザ・東京タワーズ,東京都中央区勝どき６,築15年,地下2地上58階建,22.1万円,1LDK,53.81m2,14階
THE TOKYO TOWERS MIDTOWER【ザ・東京タワーズ,東京都中央区勝どき６,築15年,地下2地上58階建,22.2万円,1LDK,52.32m2,15階
THE TOKYO TOWERS MIDTOWER【ザ・東京タワーズ,東京都中央区勝どき６,築15年,地下2地上58階建,22.3万円,1LDK,55.52m2,27階
THE TOKYO TOWERS MIDTOWER【ザ・東京タワーズ,東京都中央区勝どき６,築15年,地下2地上58階建,22.3万円,1LDK,52.32m2,16階
THE TOKYO TOWERS MIDTOWER【ザ・東京タワーズ,東京都中央区勝どき６,築15年,地下2地上58階建,22.5万円,1LDK,55.52m2,29階
THE TOKYO TOWERS MIDTOWER【ザ・東京タワーズ,東京都中央区勝どき６,築15年,地下2地上58階建,22.6万円,1LDK,52.32m2,18階
THE TOKYO TOWERS MIDTOWER【ザ・東京タワーズ,東京都中央区勝どき６,築15年,地下2地上58階建,23.1万円,1LDK,66.91m2,6階
THE TOKYO TOWERS MIDTOWER【ザ・東京タワーズ,東京都中央区勝どき６,築15年,地下2地上58階建,23.4万円,2LDK,57.9m2,18階
THE TOKYO TOWERS MIDTOWER【ザ・東京タワーズ,東京都中央区勝どき６,築15年,地下2地上58階建,23.5万円,1LDK,67.72m2,10階
THE TOKYO TOWERS MIDTOWER【ザ・東京タワーズ,東京都中央区勝どき６,築15年,地下2地上58階建,25.5万円,2LDK,63.33m2,49階
THE TOKYO TOWERS MIDTOWER【ザ・東京タワーズ,東京都中央区勝どき６,築15年,地下2地上58階建,26.6万円,2LDK,63.07m2,26階
THE TOKYO TOWERS MIDTOWER【ザ・東京タワーズ,東京都中央区勝どき６,築15年,地下2地上58階建,26.7万円,2LDK,70.38m2,26階
THE TOKYO TOWERS MIDTOWER【ザ・東京タワーズ,東京都中央区勝どき６,築15年,地下2地上58階建,28万円,2LDK,69.04m2,26階
THE TOKYO TOWERS MIDTOWER【ザ・東京タワーズ,東京都中央区勝どき６,築15年,地下2地上58階建,28.5万円,2LDK,78.18m2,24階
THE TOKYO TOWERS MIDTOWER【ザ・東京タワーズ,東京都中央区勝どき６,築15年,地下2地上58階建,29.9万円,1LDK,81.93m2,11階
THE TOKYO TOWERS MIDTOWER【ザ・東京タワーズ,東京都中央区勝どき６,築15年,地下2地上58階建,30.3万円,1SLDK,71.29m2,29階
THE TOKYO TOWERS MIDTOWER【ザ・東京タワーズ,東京都中央区勝どき６,築15年,地下2地上58階建,30.8万円,2LDK,83.75m2,4階
THE TOKYO TOWERS MIDTOWER【ザ・東京タワーズ,東京都中央区勝どき６,築15年,地下2地上58階建,34万円,3LDK,79m2,54階
THE TOKYO TOWERS MIDTOWER【ザ・東京タワーズ,東京都中央区勝どき６,築15年,地下2地上58階建,32.3万円,1SLDK,70.38m2,29階
THE TOKYO TOWERS MIDTOWER【ザ・東京タワーズ,東京都中央区勝どき６,築15年,地下2地上58階建,39万円,2SLDK,90.38m2,36階
THE TOKYO TOWERS MIDTOWER【ザ・東京タワーズ,東京都中央区勝どき６,築15年,地下2地上58階建,37.2万円,2LDK,91.38m2,27階
THE TOKYO TOWERS MIDTOWER【ザ・東京タワーズ,東京都中央区勝どき６,築15年,地下2地上58階建,37.3万円,2LDK,87.66m2,20階
THE TOKYO TOWERS MIDTOWER【ザ・東京タワーズ,東京都中央区勝どき６,築15年,地下2地上58階建,37.5万円,2LDK,91.38m2,30階
THE TOKYO TOWERS MIDTOWER【ザ・東京タワーズ,東京都中央区勝どき６,築15年,地下2地上58階建,37.7万円,3LDK,86.85m2,23階
THE TOKYO TOWERS MIDTOWER【ザ・東京タワーズ,東京都中央区勝どき６,築15年,地下2地上58階建,37.9万円,3LDK,86.85m2,23階
THE TOKYO TOWERS MIDTOWER【ザ・東京タワーズ,東京都中央区勝どき６,築15年,地下2地上58階建,38.2万円,2LDK,85.82m2,28階
THE TOKYO TOWERS MIDTOWER【ザ・東京タワーズ,東京都中央区勝どき６,築15年,地下2地上58階建,39万円,3LDK,90.38m2,43階
THE TOKYO TOWERS MIDTOWER【ザ・東京タワーズ,東京都中央区勝どき６,築15年,地下2地上58階建,43万円,4LDK,91.51m2,51階
THE TOKYO TOWERS MIDTOWER【ザ・東京タワーズ,東京都中央区勝どき６,築15年,地下2地上58階建,39.8万円,4LDK,91.51m2,51階
THE TOKYO TOWERS MIDTOWER【ザ・東京タワーズ,東京都中央区勝どき６,築15年,地下2地上58階建,44.5万円,2LDK,96.34m2,24階
レジディア市谷砂土原,東京都新宿区市谷砂土原町３,築15年,5階建,80万円,3LDK,139.88m2,3階
レジディア市谷砂土原,東京都新宿区市谷砂土原町３,築15年,5階建,105万円,4LDK,180.44m2,3階
Ｇｌａｎｚ音羽,東京都文京区音羽１,築9年,3階建,11.5万円,1LDK,34.96m2,3階
Ｇｌａｎｚ音羽,東京都文京区音羽１,築9年,3階建,11.5万円,1LDK,34.96m2,2階
パークハウス千代田富士見,東京都千代田区富士見２,築14年,15階建,28万円,1LDK,60.37m2,7階
パークハウス千代田富士見,東京都千代田区富士見２,築14年,15階建,29.5万円,1SLDK,60.37m2,5階
VIEQU GRACE 三番町 ヴィークグレイス三番町,東京都千代田区三番町,築4年,12階建,31.5万円,2LDK,57.05m2,12階
VIEQU GRACE 三番町 ヴィークグレイス三番町,東京都千代田区三番町,築4年,12階建,31.5万円,2LDK,57.05m2,12階
ファミール月島グランスイートタワー,東京都中央区佃２,築21年,30階建,26万円,2LDK,65.6m2,14階
ファミール月島グランスイートタワー,東京都中央区佃２,築21年,30階建,28.5万円,3LDK,75.93m2,19階
都営新宿線 岩本町駅 15階建 築19年,東京都千代田区岩本町２,築19年,15階建,8.7万円,ワンルーム,22.71m2,2階
都営新宿線 岩本町駅 15階建 築19年,東京都千代田区岩本町２,築19年,15階建,12.3万円,1DK,30.97m2,3階
都営新宿線 岩本町駅 15階建 築19年,東京都千代田区岩本町２,築19年,15階建,16.3万円,1LDK,43.61m2,11階
パークルール神田司町ロンド,東京都千代田区神田司町２,築4年,地下1地上12階建,17万円,1LDK,39.68m2,12階
パークルール神田司町ロンド,東京都千代田区神田司町２,築4年,地下1地上12階建,16.8万円,1LDK,33.77m2,6階
パークルール神田司町ロンド,東京都千代田区神田司町２,築4年,地下1地上12階建,21.5万円,2LDK,44.98m2,10階
KDXレジデンス日本橋水天宮,東京都中央区日本橋箱崎町,築18年,地下1地上11階建,22.4万円,2SLDK,61.73m2,3階
KDXレジデンス日本橋水天宮,東京都中央区日本橋箱崎町,築18年,地下1地上11階建,22.4万円,2LDK,61.73m2,3階
KDXレジデンス日本橋水天宮,東京都中央区日本橋箱崎町,築18年,地下1地上11階建,23.8万円,2LDK,65.41m2,7階
KDXレジデンス日本橋水天宮,東京都中央区日本橋箱崎町,築18年,地下1地上11階建,24.8万円,2LDK,68.66m2,4階
KDXレジデンス日本橋水天宮,東京都中央区日本橋箱崎町,築18年,地下1地上11階建,25.5万円,2LDK,68.66m2,5階
KDXレジデンス日本橋水天宮,東京都中央区日本橋箱崎町,築18年,地下1地上11階建,25.5万円,2LDK,68.66m2,5階
ＪＲ山手線 神田駅 8階建 築4年,東京都千代田区神田富山町,築4年,8階建,17.1万円,1LDK,39.98m2,4階
ＪＲ山手線 神田駅 8階建 築4年,東京都千代田区神田富山町,築4年,8階建,17.2万円,1LDK,39.98m2,5階
ＪＲ山手線 神田駅 8階建 築4年,東京都千代田区神田富山町,築4年,8階建,17.3万円,1LDK,43.1m2,5階
ＪＲ山手線 神田駅 13階建 築17年,東京都千代田区神田多町２,築17年,13階建,12.9万円,1LDK,30.2m2,9階
ＪＲ山手線 神田駅 13階建 築17年,東京都千代田区神田多町２,築17年,13階建,13.3万円,1LDK,30.2m2,9階
ＪＲ山手線 神田駅 13階建 築17年,東京都千代田区神田多町２,築17年,13階建,14.5万円,1LDK,36.18m2,3階
フォリア本郷,東京都文京区湯島４,築5年,3階建,14.5万円,1LDK,37.2m2,3階
フォリア本郷,東京都文京区湯島４,築5年,3階建,14.5万円,1LDK,35.24m2,3階
フォリア本郷,東京都文京区湯島４,築5年,3階建,15.2万円,1LDK,37.2m2,3階
パークリュクス本郷,東京都文京区本郷２,築14年,12階建,17.2万円,1LDK,40.27m2,11階
パークリュクス本郷,東京都文京区本郷２,築14年,12階建,17.2万円,1LDK,40.27m2,11階
パークリュクス本郷,東京都文京区本郷２,築14年,12階建,17.6万円,1LDK,40.27m2,7階
パークリュクス本郷,東京都文京区本郷２,築14年,12階建,20.9万円,2LDK,51.85m2,2階
カルチェ恵比寿,東京都渋谷区恵比寿１,築23年,7階建,24.2万円,2LDK,52.5m2,4階
カルチェ恵比寿,東京都渋谷区恵比寿１,築23年,7階建,24.4万円,2LDK,52.5m2,6階
カルチェ恵比寿,東京都渋谷区恵比寿１,築23年,7階建,24.5万円,2LDK,52.5m2,6階
都営新宿線 浜町駅 11階建 築7年,東京都中央区日本橋浜町１,築7年,11階建,15.7万円,1LDK,46.74m2,2階
都営新宿線 浜町駅 11階建 築7年,東京都中央区日本橋浜町１,築7年,11階建,16.2万円,1LDK,44.46m2,4階
都営新宿線 浜町駅 11階建 築7年,東京都中央区日本橋浜町１,築7年,11階建,16.3万円,1LDK,44.46m2,8階
都営新宿線 浜町駅 11階建 築7年,東京都中央区日本橋浜町１,築7年,11階建,16.4万円,1LDK,44.46m2,9階
プラウド恵比寿ヒルサイドガーデン,東京都渋谷区恵比寿南３,築3年,地下2地上11階建,70万円,2LDK,85.44m2,4階
プラウド恵比寿ヒルサイドガーデン,東京都渋谷区恵比寿南３,築3年,地下2地上11階建,85万円,2LDK,100.84m2,4階
東京メトロ東西線 九段下駅 12階建 築11年,東京都千代田区神田神保町３,築11年,12階建,11.7万円,ワンルーム,25.2m2,2階
東京メトロ東西線 九段下駅 12階建 築11年,東京都千代田区神田神保町３,築11年,12階建,16.2万円,1LDK,35.14m2,10階
東京メトロ東西線 九段下駅 12階建 築11年,東京都千代田区神田神保町３,築11年,12階建,17.3万円,1LDK,40.05m2,10階
ボヌール音羽,東京都文京区音羽１,築13年,4階建,11.2万円,2K,34.32m2,4階
ボヌール音羽,東京都文京区音羽１,築13年,4階建,11.3万円,2K,34.32m2,4階
ボヌール音羽,東京都文京区音羽１,築13年,4階建,11.6万円,2K,34.32m2,4階
ボヌール音羽,東京都文京区音羽１,築13年,4階建,11.7万円,2K,34.32m2,4階
ボヌール音羽,東京都文京区音羽１,築13年,4階建,12.6万円,2K,36.83m2,4階
カスタリア初台II,東京都渋谷区本町１,築15年,5階建,18.7万円,1LDK,43.29m2,4階
カスタリア初台II,東京都渋谷区本町１,築15年,5階建,18.7万円,1LDK,43.29m2,4階
カスタリア初台II,東京都渋谷区本町１,築15年,5階建,24万円,2LDK,63.43m2,1階
カスタリア初台II,東京都渋谷区本町１,築15年,5階建,24.8万円,2LDK,63.43m2,1階
クオリア恵比寿パークフロント,東京都渋谷区広尾１,築16年,地下1地上14階建,17.8万円,1DK,37.97m2,2階
クオリア恵比寿パークフロント,東京都渋谷区広尾１,築16年,地下1地上14階建,28.9万円,2LDK,59.95m2,7階
クオリア恵比寿パークフロント,東京都渋谷区広尾１,築16年,地下1地上14階建,28.9万円,2LDK,59.95m2,7階
クオリア恵比寿パークフロント,東京都渋谷区広尾１,築16年,地下1地上14階建,29.8万円,1LDK,56.92m2,3階
クオリア恵比寿パークフロント,東京都渋谷区広尾１,築16年,地下1地上14階建,29.8万円,1LDK,56.92m2,3階
クオリア恵比寿パークフロント,東京都渋谷区広尾１,築16年,地下1地上14階建,29.8万円,1LDK,56.92m2,3階
クオリア恵比寿パークフロント,東京都渋谷区広尾１,築16年,地下1地上14階建,29.8万円,1LDK,56.92m2,3階
クオリア恵比寿パークフロント,東京都渋谷区広尾１,築16年,地下1地上14階建,29.8万円,1LDK,56.92m2,3階
パークコート三番町ヒルトップレジデンス,東京都千代田区三番町,築5年,18階建,27.5万円,1LDK,57.32m2,3階
パークコート三番町ヒルトップレジデンス,東京都千代田区三番町,築5年,18階建,28.2万円,1LDK,57.32m2,3階
パークコート三番町ヒルトップレジデンス,東京都千代田区三番町,築5年,18階建,30.9万円,1SLDK,62.95m2,11階
パークコート三番町ヒルトップレジデンス,東京都千代田区三番町,築5年,18階建,58万円,2SLDK,95.91m2,17階
パークコート三番町ヒルトップレジデンス,東京都千代田区三番町,築5年,18階建,58.5万円,2LDK,95.91m2,17階
東京メトロ日比谷線 秋葉原駅 13階建 築16年,東京都千代田区岩本町２,築16年,13階建,14.6万円,2K,37.26m2,3階
東京メトロ日比谷線 秋葉原駅 13階建 築16年,東京都千代田区岩本町２,築16年,13階建,15.5万円,1LDK,42.16m2,7階
東京メトロ日比谷線 秋葉原駅 13階建 築16年,東京都千代田区岩本町２,築16年,13階建,16万円,2K,42.16m2,7階
メゾン ゼルコバ,東京都渋谷区千駄ヶ谷３,築14年,3階建,15.6万円,1LDK,41.7m2,2階
メゾン ゼルコバ,東京都渋谷区千駄ヶ谷３,築14年,3階建,15.8万円,1LDK,41.7m2,2階
メゾン ゼルコバ,東京都渋谷区千駄ヶ谷３,築14年,3階建,17万円,1LDK,41.7m2,2階
メゾン ゼルコバ,東京都渋谷区千駄ヶ谷３,築14年,3階建,24万円,2LDK,57.7m2,2階
リビオレゾン小石川,東京都文京区小石川３,築15年,地下1地上15階建,7.9万円,ワンルーム,20.75m2,2階
リビオレゾン小石川,東京都文京区小石川３,築15年,地下1地上15階建,17.4万円,1LDK,42.93m2,2階
プライムアーバン笹塚,東京都渋谷区笹塚３,築14年,10階建,12.4万円,ワンルーム,33.37m2,2階
プライムアーバン笹塚,東京都渋谷区笹塚３,築14年,10階建,12.5万円,ワンルーム,33.37m2,2階
プライムアーバン笹塚,東京都渋谷区笹塚３,築14年,10階建,12.9万円,ワンルーム,33.37m2,2階
プライムアーバン笹塚,東京都渋谷区笹塚３,築14年,10階建,14.6万円,1LDK,38.37m2,6階
プライムアーバン笹塚,東京都渋谷区笹塚３,築14年,10階建,20.6万円,2LDK,64.88m2,8階
京王線 笹塚駅 地下1地上10階建 築14年,東京都渋谷区笹塚３,築14年,地下1地上10階建,12.4万円,ワンルーム,33.37m2,2階
京王線 笹塚駅 地下1地上10階建 築14年,東京都渋谷区笹塚３,築14年,地下1地上10階建,14.6万円,1LDK,38.37m2,6階
京王線 笹塚駅 地下1地上10階建 築14年,東京都渋谷区笹塚３,築14年,地下1地上10階建,20.6万円,2LDK,64.88m2,8階
パークアクシス茅場町,東京都中央区新川１,築11年,14階建,11.6万円,ワンルーム,26.84m2,7階
パークアクシス茅場町,東京都中央区新川１,築11年,14階建,14.4万円,1LDK,35.68m2,9階
パークアクシス茅場町,東京都中央区新川１,築11年,14階建,14.9万円,1LDK,35.68m2,9階
パークアクシス茅場町,東京都中央区新川１,築11年,14階建,15.2万円,1LDK,35.68m2,9階
パークアクシス茅場町,東京都中央区新川１,築11年,14階建,16万円,1LDK,40.55m2,9階
パークアクシス茅場町,東京都中央区新川１,築11年,14階建,16.4万円,1LDK,40.55m2,9階
パークアクシス茅場町,東京都中央区新川１,築11年,14階建,16.9万円,1LDK,40.55m2,6階
パークアクシス御茶ノ水ヒルトップ,東京都千代田区神田駿河台２,築4年,地下1地上14階建,11.9万円,ワンルーム,25.83m2,13階
パークアクシス御茶ノ水ヒルトップ,東京都千代田区神田駿河台２,築4年,地下1地上14階建,12.3万円,ワンルーム,25.83m2,11階
パークアクシス御茶ノ水ヒルトップ,東京都千代田区神田駿河台２,築4年,地下1地上14階建,14.4万円,1DK,29.81m2,12階
パークアクシス御茶ノ水ヒルトップ,東京都千代田区神田駿河台２,築4年,地下1地上14階建,15万円,1DK,31.41m2,4階
パークアクシス御茶ノ水ヒルトップ,東京都千代田区神田駿河台２,築4年,地下1地上14階建,14.8万円,1LDK,33.71m2,5階
パークアクシス御茶ノ水ヒルトップ,東京都千代田区神田駿河台２,築4年,地下1地上14階建,18.5万円,1LDK,44.64m2,4階
パークアクシス御茶ノ水ヒルトップ,東京都千代田区神田駿河台２,築4年,地下1地上14階建,24.7万円,2LDK,56.56m2,13階
グランドルチェ東日本橋,東京都中央区日本橋横山町,築8年,10階建,9.2万円,1K,25.22m2,6階
グランドルチェ東日本橋,東京都中央区日本橋横山町,築8年,10階建,15.2万円,1LDK,46.4m2,8階
ＪＲ総武線快速 馬喰町駅 10階建 築8年,東京都中央区日本橋横山町,築8年,10階建,15.2万円,1LDK,46.4m2,8階
アヴェニール渋谷本町,東京都渋谷区本町４,築10年,10階建,12万円,1K,30.6m2,9階
アヴェニール渋谷本町,東京都渋谷区本町４,築10年,10階建,16.5万円,1LDK,40.8m2,7階
アヴェニール渋谷本町,東京都渋谷区本町４,築10年,10階建,18.7万円,1LDK,51m2,2階
パートナーシップアパートメント,東京都中央区新川２,築17年,地下1地上12階建,17.9万円,2LDK,53.08m2,3階
パートナーシップアパートメント,東京都中央区新川２,築17年,地下1地上12階建,17.9万円,2DK,53.08m2,3階
パートナーシップアパートメント,東京都中央区新川２,築17年,地下1地上12階建,19.9万円,2LDK,53.06m2,11階
グランド・ガーラ神田,東京都千代田区神田多町２,築16年,13階建,8.7万円,1K,22.47m2,2階
グランド・ガーラ神田,東京都千代田区神田多町２,築16年,13階建,8.85万円,1K,22.47m2,2階
グランド・ガーラ神田,東京都千代田区神田多町２,築16年,13階建,8.85万円,1K,22.47m2,2階
グランド・ガーラ神田,東京都千代田区神田多町２,築16年,13階建,8.9万円,1K,22.47m2,3階
グランド・ガーラ神田,東京都千代田区神田多町２,築16年,13階建,8.95万円,1K,22.47m2,3階
グランド・ガーラ神田,東京都千代田区神田多町２,築16年,13階建,9万円,1K,22.87m2,4階
グランド・ガーラ神田,東京都千代田区神田多町２,築16年,13階建,9万円,1K,22.63m2,4階
グランド・ガーラ神田,東京都千代田区神田多町２,築16年,13階建,9.3万円,1K,23.38m2,5階
グランド・ガーラ神田,東京都千代田区神田多町２,築16年,13階建,9.5万円,1K,22.68m2,3階
グランド・ガーラ神田,東京都千代田区神田多町２,築16年,13階建,9.5万円,1K,22.47m2,5階
グランド・ガーラ神田,東京都千代田区神田多町２,築16年,13階建,9.5万円,1K,22.87m2,3階
グランド・ガーラ神田,東京都千代田区神田多町２,築16年,13階建,9.5万円,1K,22.87m2,3階
グランド・ガーラ神田,東京都千代田区神田多町２,築16年,13階建,9.7万円,1K,22.47m2,6階
グランド・ガーラ神田,東京都千代田区神田多町２,築16年,13階建,9.7万円,1K,22.47m2,6階
グランド・ガーラ神田,東京都千代田区神田多町２,築16年,13階建,9.7万円,1K,22.47m2,6階
グランド・ガーラ神田,東京都千代田区神田多町２,築16年,13階建,9.75万円,1K,22.47m2,6階
グランド・ガーラ神田,東京都千代田区神田多町２,築16年,13階建,9.8万円,1K,22.47m2,10階
グランド・ガーラ神田,東京都千代田区神田多町２,築16年,13階建,9.8万円,1K,22.47m2,10階
グランド・ガーラ神田,東京都千代田区神田多町２,築16年,13階建,9.8万円,1K,22.47m2,10階
グランド・ガーラ神田,東京都千代田区神田多町２,築16年,13階建,9.9万円,1K,22.68m2,11階
グランド・ガーラ神田,東京都千代田区神田多町２,築16年,13階建,12万円,1K,30.68m2,5階
グランド・ガーラ神田,東京都千代田区神田多町２,築16年,13階建,11.8万円,1DK,30.57m2,9階
グランド・ガーラ神田,東京都千代田区神田多町２,築16年,13階建,11.8万円,1DK,30.57m2,9階
グランド・ガーラ神田,東京都千代田区神田多町２,築16年,13階建,12.5万円,1DK,31.7m2,11階
グランド・ガーラ神田,東京都千代田区神田多町２,築16年,13階建,16万円,1LDK,42.37m2,2階
グランド・ガーラ神田,東京都千代田区神田多町２,築16年,13階建,17万円,1LDK,42.37m2,8階
グランド・ガーラ神田,東京都千代田区神田多町２,築16年,13階建,17万円,1LDK,42.37m2,8階
グランド・ガーラ神田,東京都千代田区神田多町２,築16年,13階建,17万円,1LDK,42.37m2,8階
グランド・ガーラ神田,東京都千代田区神田多町２,築16年,13階建,17万円,1LDK,42.37m2,8階
アボリアスコート笹塚イースト,東京都渋谷区笹塚２,築22年,9階建,8.8万円,1K,23.61m2,1階
アボリアスコート笹塚イースト,東京都渋谷区笹塚２,築22年,9階建,8.9万円,1K,23.61m2,1階
アボリアスコート笹塚イースト,東京都渋谷区笹塚２,築22年,9階建,9万円,1K,24.09m2,2階
アボリアスコート笹塚イースト,東京都渋谷区笹塚２,築22年,9階建,9.1万円,1K,24.09m2,2階
アボリアスコート笹塚イースト,東京都渋谷区笹塚２,築22年,9階建,9.1万円,1K,23.61m2,3階
アボリアスコート笹塚イースト,東京都渋谷区笹塚２,築22年,9階建,9.2万円,1K,23.61m2,4階
アボリアスコート笹塚イースト,東京都渋谷区笹塚２,築22年,9階建,9.2万円,1K,23.61m2,3階
アボリアスコート笹塚イースト,東京都渋谷区笹塚２,築22年,9階建,16.3万円,1LDK,44.07m2,2階
アボリアスコート笹塚イースト,東京都渋谷区笹塚２,築22年,9階建,16.5万円,1LDK,44.33m2,4階
アボリアスコート笹塚イースト,東京都渋谷区笹塚２,築22年,9階建,19.7万円,2LDK,61.64m2,1階
アボリアスコート笹塚イースト,東京都渋谷区笹塚２,築22年,9階建,23.3万円,3LDK,68.34m2,3階
アボリアスコート笹塚イースト,東京都渋谷区笹塚２,築22年,9階建,24万円,3LDK,68.34m2,6階
アボリアスコート笹塚イースト,東京都渋谷区笹塚２,築22年,9階建,910万円,1K,24.09m2,2階
パークキューブ春日安藤坂,東京都文京区春日２,築17年,15階建,24万円,2LDK,57.04m2,7階
パークキューブ春日安藤坂,東京都文京区春日２,築17年,15階建,24万円,2LDK,57.04m2,8階
パークキューブ春日安藤坂,東京都文京区春日２,築17年,15階建,24.5万円,2LDK,57.04m2,8階
ＭＭガーデン,東京都中央区新富２,築16年,10階建,13.3万円,1DK,31.27m2,4階
ＭＭガーデン,東京都中央区新富２,築16年,10階建,13.4万円,1DK,31.27m2,7階
ＭＭガーデン,東京都中央区新富２,築16年,10階建,14.5万円,1DK,31.27m2,7階
ＭＭガーデン,東京都中央区新富２,築16年,10階建,15.7万円,1LDK,40.72m2,3階
ＭＭガーデン,東京都中央区新富２,築16年,10階建,17.5万円,2LDK,47.39m2,2階
ＭＭガーデン,東京都中央区新富２,築16年,10階建,17.5万円,2DK,42.6m2,10階
ＭＭガーデン,東京都中央区新富２,築16年,10階建,17.7万円,2DK,47.39m2,2階
グランパセオ茗荷谷,東京都文京区小日向３,新築,地下1地上4階建,10.9万円,ワンルーム,26.32m2,B1階
グランパセオ茗荷谷,東京都文京区小日向３,新築,地下1地上4階建,10.9万円,ワンルーム,26.32m2,B1階
グランパセオ茗荷谷,東京都文京区小日向３,新築,地下1地上4階建,10.9万円,ワンルーム,26.32m2,B1階
グランパセオ茗荷谷,東京都文京区小日向３,新築,地下1地上4階建,10.9万円,ワンルーム,26.32m2,B1階
グランパセオ茗荷谷,東京都文京区小日向３,新築,地下1地上4階建,11万円,ワンルーム,26.32m2,1階
グランパセオ茗荷谷,東京都文京区小日向３,新築,地下1地上4階建,11.1万円,ワンルーム,26.32m2,1階
グランパセオ茗荷谷,東京都文京区小日向３,新築,地下1地上4階建,11.1万円,ワンルーム,26.32m2,1階
グランパセオ茗荷谷,東京都文京区小日向３,新築,地下1地上4階建,11.2万円,ワンルーム,26.32m2,2階
グランパセオ茗荷谷,東京都文京区小日向３,新築,地下1地上4階建,11.2万円,ワンルーム,26.32m2,2階
グランパセオ茗荷谷,東京都文京区小日向３,新築,地下1地上4階建,11.2万円,ワンルーム,26.32m2,3階
グランパセオ茗荷谷,東京都文京区小日向３,新築,地下1地上4階建,11.3万円,ワンルーム,26.32m2,3階
グランパセオ茗荷谷,東京都文京区小日向３,新築,地下1地上4階建,11.3万円,ワンルーム,26.32m2,3階
グランパセオ茗荷谷,東京都文京区小日向３,新築,地下1地上4階建,11.4万円,ワンルーム,26.32m2,4階
グランパセオ茗荷谷,東京都文京区小日向３,新築,地下1地上4階建,11.5万円,ワンルーム,26.32m2,4階
グランパセオ茗荷谷,東京都文京区小日向３,新築,地下1地上4階建,18.2万円,1LDK,42.48m2,3階
グランパセオ茗荷谷,東京都文京区小日向３,新築,地下1地上4階建,18.3万円,1LDK,42.48m2,2階
グランパセオ茗荷谷,東京都文京区小日向３,新築,地下1地上4階建,18.3万円,1LDK,42.23m2,2階
グランパセオ茗荷谷,東京都文京区小日向３,新築,地下1地上4階建,18.5万円,1LDK,42.23m2,4階
グランパセオ茗荷谷,東京都文京区小日向３,新築,地下1地上4階建,20万円,2LDK,52.05m2,2階
グランパセオ茗荷谷,東京都文京区小日向３,新築,地下1地上4階建,21.5万円,2LDK,52.05m2,1階
ＪＲ山手線 神田駅 13階建 築4年,東京都千代田区内神田１,築4年,13階建,12.3万円,1K,25.02m2,4階
ＪＲ山手線 神田駅 13階建 築4年,東京都千代田区内神田１,築4年,13階建,12.5万円,1K,25.2m2,4階
ＪＲ山手線 神田駅 13階建 築4年,東京都千代田区内神田１,築4年,13階建,12.5万円,1K,24.75m2,4階
ＪＲ山手線 神田駅 13階建 築4年,東京都千代田区内神田１,築4年,13階建,12.5万円,1K,24.75m2,4階
ＪＲ山手線 神田駅 13階建 築4年,東京都千代田区内神田１,築4年,13階建,12.7万円,1K,24.75m2,4階
ＪＲ山手線 神田駅 13階建 築4年,東京都千代田区内神田１,築4年,13階建,14.1万円,1K,25.02m2,4階
ＪＲ山手線 神田駅 13階建 築4年,東京都千代田区内神田１,築4年,13階建,19.8万円,1LDK,39.97m2,3階
ＪＲ山手線 神田駅 13階建 築4年,東京都千代田区内神田１,築4年,13階建,20.4万円,1LDK,39.97m2,3階
ＪＲ山手線 神田駅 13階建 築4年,東京都千代田区内神田１,築4年,13階建,26.3万円,1LDK,50.23m2,6階
ＪＲ山手線 神田駅 13階建 築4年,東京都千代田区内神田１,築4年,13階建,26.3万円,1LDK,50.23m2,6階
メイベル本駒込,東京都文京区本駒込３,築6年,3階建,13.5万円,1LDK,43.42m2,1階
プライマルシティ神楽坂,東京都文京区関口１,築3年,12階建,27.5万円,2LDK,55.46m2,3階
プライマルシティ神楽坂,東京都文京区関口１,築3年,12階建,29万円,2LDK,55.1m2,4階
プライマルシティ神楽坂,東京都文京区関口１,築3年,12階建,29万円,2LDK,55.1m2,6階
プライマルシティ神楽坂,東京都文京区関口１,築3年,12階建,30.5万円,2LDK,55.46m2,6階
プライマルシティ神楽坂,東京都文京区関口１,築3年,12階建,30.5万円,2LDK,55.46m2,6階
プライマルシティ神楽坂,東京都文京区関口１,築3年,12階建,31万円,2LDK,55.46m2,10階
プライマルシティ神楽坂,東京都文京区関口１,築3年,12階建,31万円,2LDK,55.46m2,10階
プライマルシティ神楽坂,東京都文京区関口１,築3年,12階建,31.5万円,2LDK,55.46m2,12階
アスティーレ西新宿2,東京都渋谷区本町３,新築,4階建,10.2万円,ワンルーム,18.25m2,1階
アスティーレ西新宿2,東京都渋谷区本町３,新築,4階建,10.2万円,ワンルーム,18.25m2,1階
アスティーレ西新宿2,東京都渋谷区本町３,新築,4階建,10.2万円,ワンルーム,18.05m2,1階
アスティーレ西新宿2,東京都渋谷区本町３,新築,4階建,10.2万円,ワンルーム,18.05m2,1階
アスティーレ西新宿2,東京都渋谷区本町３,新築,4階建,10.4万円,ワンルーム,18.25m2,2階
アスティーレ西新宿2,東京都渋谷区本町３,新築,4階建,10.4万円,ワンルーム,18.25m2,2階
アスティーレ西新宿2,東京都渋谷区本町３,新築,4階建,10.4万円,ワンルーム,18.05m2,2階
アスティーレ西新宿2,東京都渋谷区本町３,新築,4階建,10.4万円,ワンルーム,18.05m2,2階
アスティーレ西新宿2,東京都渋谷区本町３,新築,4階建,10.5万円,ワンルーム,18.25m2,3階
アスティーレ西新宿2,東京都渋谷区本町３,新築,4階建,10.5万円,ワンルーム,18.25m2,3階
アスティーレ西新宿2,東京都渋谷区本町３,新築,4階建,10.5万円,ワンルーム,18.05m2,3階
アスティーレ西新宿2,東京都渋谷区本町３,新築,4階建,10.5万円,ワンルーム,18.05m2,3階
アスティーレ西新宿2,東京都渋谷区本町３,新築,4階建,10.8万円,ワンルーム,18.24m2,4階
アスティーレ西新宿2,東京都渋谷区本町３,新築,4階建,15.4万円,1LDK,33.48m2,1階
アスティーレ西新宿2,東京都渋谷区本町３,新築,4階建,15.6万円,ワンルーム,33.64m2,2階
アスティーレ西新宿2,東京都渋谷区本町３,新築,4階建,15.6万円,1LDK,33.48m2,2階
アスティーレ西新宿2,東京都渋谷区本町３,新築,4階建,15.7万円,1LDK,34.03m2,2階
アスティーレ西新宿2,東京都渋谷区本町３,新築,4階建,15.7万円,ワンルーム,33.64m2,3階
アスティーレ西新宿2,東京都渋谷区本町３,新築,4階建,15.7万円,1LDK,33.48m2,3階
アスティーレ西新宿2,東京都渋谷区本町３,新築,4階建,15.8万円,1LDK,34.03m2,3階
アスティーレ西新宿2,東京都渋谷区本町３,新築,4階建,16万円,1LDK,33.48m2,4階
アスティーレ西新宿2,東京都渋谷区本町３,新築,4階建,16.2万円,1LDK,33.87m2,4階
アスティーレ西新宿2,東京都渋谷区本町３,新築,4階建,16.2万円,1LDK,33.87m2,4階
アスティーレ西新宿2,東京都渋谷区本町３,新築,4階建,17万円,ワンルーム,33.64m2,4階
都営大江戸線 飯田橋駅 10階建 新築,東京都文京区春日１,新築,10階建,12.1万円,1DK,25.09m2,4階
都営大江戸線 飯田橋駅 10階建 新築,東京都文京区春日１,新築,10階建,12.1万円,1DK,25.09m2,4階
都営大江戸線 飯田橋駅 10階建 新築,東京都文京区春日１,新築,10階建,12.4万円,1DK,25m2,5階
都営大江戸線 飯田橋駅 10階建 新築,東京都文京区春日１,新築,10階建,12.4万円,1DK,25.09m2,5階
都営大江戸線 飯田橋駅 10階建 新築,東京都文京区春日１,新築,10階建,12.4万円,1DK,25.09m2,5階
都営大江戸線 飯田橋駅 10階建 新築,東京都文京区春日１,新築,10階建,12.4万円,1DK,25m2,5階
都営大江戸線 飯田橋駅 10階建 新築,東京都文京区春日１,新築,10階建,12.4万円,1DK,25m2,5階
都営大江戸線 飯田橋駅 10階建 新築,東京都文京区春日１,新築,10階建,12.4万円,1DK,25m2,5階
都営大江戸線 飯田橋駅 10階建 新築,東京都文京区春日１,新築,10階建,12.7万円,1DK,25.09m2,6階
都営大江戸線 飯田橋駅 10階建 新築,東京都文京区春日１,新築,10階建,12.7万円,1DK,25.09m2,6階
都営大江戸線 飯田橋駅 10階建 新築,東京都文京区春日１,新築,10階建,13万円,1DK,25.09m2,7階
都営大江戸線 飯田橋駅 10階建 新築,東京都文京区春日１,新築,10階建,13万円,1DK,25.09m2,7階
都営大江戸線 飯田橋駅 10階建 新築,東京都文京区春日１,新築,10階建,13.1万円,1DK,25m2,7階
都営大江戸線 飯田橋駅 10階建 新築,東京都文京区春日１,新築,10階建,13.1万円,1DK,25m2,7階
都営大江戸線 飯田橋駅 10階建 新築,東京都文京区春日１,新築,10階建,13.3万円,1DK,25.1m2,8階
都営大江戸線 飯田橋駅 10階建 新築,東京都文京区春日１,新築,10階建,13.3万円,1DK,25.1m2,8階
都営大江戸線 飯田橋駅 10階建 新築,東京都文京区春日１,新築,10階建,13.3万円,1DK,25m2,8階
都営大江戸線 飯田橋駅 10階建 新築,東京都文京区春日１,新築,10階建,13.3万円,1DK,25.09m2,8階
都営大江戸線 飯田橋駅 10階建 新築,東京都文京区春日１,新築,10階建,13.3万円,1DK,25.09m2,8階
都営大江戸線 飯田橋駅 10階建 新築,東京都文京区春日１,新築,10階建,13.3万円,1DK,25m2,8階
都営大江戸線 飯田橋駅 10階建 新築,東京都文京区春日１,新築,10階建,13.3万円,1DK,25m2,8階
都営大江戸線 飯田橋駅 10階建 新築,東京都文京区春日１,新築,10階建,13.3万円,1DK,25m2,8階
都営大江戸線 飯田橋駅 10階建 新築,東京都文京区春日１,新築,10階建,13.9万円,1DK,25.1m2,10階
都営大江戸線 飯田橋駅 10階建 新築,東京都文京区春日１,新築,10階建,13.9万円,1DK,25m2,10階
都営大江戸線 飯田橋駅 10階建 新築,東京都文京区春日１,新築,10階建,20.2万円,2LDK,40.79m2,3階
都営大江戸線 飯田橋駅 10階建 新築,東京都文京区春日１,新築,10階建,21.2万円,1LDK,40.07m2,2階
都営大江戸線 飯田橋駅 10階建 新築,東京都文京区春日１,新築,10階建,20.5万円,1SLDK,40.07m2,4階
都営大江戸線 飯田橋駅 10階建 新築,東京都文京区春日１,新築,10階建,21.6万円,1LDK,40.95m2,2階
都営大江戸線 飯田橋駅 10階建 新築,東京都文京区春日１,新築,10階建,20.8万円,2LDK,40.07m2,5階
都営大江戸線 飯田橋駅 10階建 新築,東京都文京区春日１,新築,10階建,21.1万円,2LDK,40.07m2,6階
都営大江戸線 飯田橋駅 10階建 新築,東京都文京区春日１,新築,10階建,21.4万円,2LDK,40.07m2,7階
都営大江戸線 飯田橋駅 10階建 新築,東京都文京区春日１,新築,10階建,22.5万円,2LDK,40.75m2,2階
都営大江戸線 飯田橋駅 10階建 新築,東京都文京区春日１,新築,10階建,21.6万円,2LDK,40.79m2,7階
都営大江戸線 飯田橋駅 10階建 新築,東京都文京区春日１,新築,10階建,22万円,2LDK,40.07m2,9階
都営大江戸線 飯田橋駅 10階建 新築,東京都文京区春日１,新築,10階建,22万円,2LDK,40.07m2,9階
都営大江戸線 飯田橋駅 10階建 新築,東京都文京区春日１,新築,10階建,22.5万円,1DK,25.09m2,10階
都営大江戸線 飯田橋駅 10階建 新築,東京都文京区春日１,新築,10階建,22.5万円,2LDK,40.07m2,10階
都営大江戸線 飯田橋駅 10階建 新築,東京都文京区春日１,新築,10階建,22.9万円,2LDK,40.79m2,8階
都営大江戸線 飯田橋駅 10階建 新築,東京都文京区春日１,新築,10階建,22.9万円,2LDK,40.79m2,10階
都営大江戸線 飯田橋駅 10階建 新築,東京都文京区春日１,新築,10階建,22.9万円,2LDK,40.79m2,10階
都営大江戸線 飯田橋駅 10階建 新築,東京都文京区春日１,新築,10階建,24.8万円,1LDK,46.82m2,2階
ピュアレジデンス小石川,東京都文京区小石川２,築3年,10階建,10.2万円,ワンルーム,27.91m2,3階
ピュアレジデンス小石川,東京都文京区小石川２,築3年,10階建,10.3万円,ワンルーム,27.91m2,5階
ピュアレジデンス小石川,東京都文京区小石川２,築3年,10階建,10.6万円,ワンルーム,27.91m2,3階
ピュアレジデンス小石川,東京都文京区小石川２,築3年,10階建,11万円,ワンルーム,27.91m2,5階
ピュアレジデンス小石川,東京都文京区小石川２,築3年,10階建,14.5万円,1LDK,40.19m2,3階
ピュアレジデンス小石川,東京都文京区小石川２,築3年,10階建,15万円,1LDK,40.19m2,3階
ピュアレジデンス小石川,東京都文京区小石川２,築3年,10階建,15.2万円,1LDK,40.19m2,8階
ピュアレジデンス小石川,東京都文京区小石川２,築3年,10階建,15.4万円,1LDK,40.19m2,7階
ピュアレジデンス小石川,東京都文京区小石川２,築3年,10階建,15.7万円,1LDK,40.19m2,8階
ピュアレジデンス小石川,東京都文京区小石川２,築3年,10階建,16万円,1LDK,40.19m2,6階
フォレシティ銀座イースト,東京都中央区築地１,築17年,10階建,9.5万円,1K,20.75m2,3階
フォレシティ銀座イースト,東京都中央区築地１,築17年,10階建,9.6万円,1K,23.42m2,2階
フォレシティ銀座イースト,東京都中央区築地１,築17年,10階建,9.6万円,1K,20.12m2,2階
フォレシティ銀座イースト,東京都中央区築地１,築17年,10階建,17.6万円,1LDK,41.42m2,9階
グラシーナ文京,東京都文京区大塚３,築6年,13階建,16.1万円,1LDK,44.77m2,5階
グラシーナ文京,東京都文京区大塚３,築6年,13階建,16.3万円,1LDK,44.77m2,7階
グラシーナ文京,東京都文京区大塚３,築6年,13階建,16.3万円,1LDK,44.77m2,5階
グラシーナ文京,東京都文京区大塚３,築6年,13階建,16.6万円,1LDK,44.77m2,5階
グラシーナ文京,東京都文京区大塚３,築6年,13階建,16.8万円,1LDK,44.77m2,7階
グラシーナ文京,東京都文京区大塚３,築6年,13階建,17.8万円,1LDK,47.44m2,11階
グラシーナ文京,東京都文京区大塚３,築6年,13階建,17.8万円,1LDK,47.44m2,11階
ＪＲ山手線 神田駅 14階建 築9年,東京都千代田区岩本町２,築9年,14階建,9.9万円,1K,25.01m2,5階
ＪＲ山手線 神田駅 14階建 築9年,東京都千代田区岩本町２,築9年,14階建,9.9万円,1K,25.01m2,5階
ＪＲ山手線 神田駅 14階建 築9年,東京都千代田区岩本町２,築9年,14階建,10万円,1K,25.04m2,7階
ＪＲ山手線 神田駅 14階建 築9年,東京都千代田区岩本町２,築9年,14階建,10.1万円,1K,25.04m2,7階
ＪＲ山手線 神田駅 14階建 築9年,東京都千代田区岩本町２,築9年,14階建,10.4万円,1K,25.01m2,5階
ＪＲ山手線 神田駅 14階建 築9年,東京都千代田区岩本町２,築9年,14階建,10.4万円,1K,25.01m2,5階
ＪＲ山手線 神田駅 14階建 築9年,東京都千代田区岩本町２,築9年,14階建,10.6万円,1K,25.04m2,7階
ＪＲ山手線 神田駅 14階建 築9年,東京都千代田区岩本町２,築9年,14階建,11.9万円,1LDK,32.4m2,10階
ＪＲ山手線 神田駅 14階建 築9年,東京都千代田区岩本町２,築9年,14階建,12.4万円,1LDK,32.4m2,10階
ＪＲ山手線 神田駅 14階建 築9年,東京都千代田区岩本町２,築9年,14階建,13.5万円,1LDK,30.04m2,10階
ＪＲ山手線 神田駅 14階建 築9年,東京都千代田区岩本町２,築9年,14階建,13.5万円,1LDK,30.04m2,10階
イレーネ初台,東京都渋谷区本町１,築4年,13階建,10.4万円,1K,26.23m2,3階
イレーネ初台,東京都渋谷区本町１,築4年,13階建,11万円,1K,26.23m2,3階
イレーネ初台,東京都渋谷区本町１,築4年,13階建,13.8万円,1LDK,34.55m2,3階
イレーネ初台,東京都渋谷区本町１,築4年,13階建,13.8万円,1LDK,33.57m2,3階
イレーネ初台,東京都渋谷区本町１,築4年,13階建,14万円,1LDK,34.55m2,3階
イレーネ初台,東京都渋谷区本町１,築4年,13階建,14万円,1LDK,33.43m2,7階
パティオ神田,東京都千代田区岩本町２,築9年,14階建,9.9万円,1K,25.01m2,5階
パティオ神田,東京都千代田区岩本町２,築9年,14階建,10.1万円,1K,25.04m2,7階
パティオ神田,東京都千代田区岩本町２,築9年,14階建,10.4万円,1K,25.01m2,5階
パティオ神田,東京都千代田区岩本町２,築9年,14階建,10.6万円,1K,25.04m2,7階
パティオ神田,東京都千代田区岩本町２,築9年,14階建,11.9万円,1LDK,32.4m2,10階
パティオ神田,東京都千代田区岩本町２,築9年,14階建,12.4万円,1LDK,32.4m2,10階
パティオ神田,東京都千代田区岩本町２,築9年,14階建,13.5万円,1LDK,30.04m2,10階
パティオ神田,東京都千代田区岩本町２,築9年,14階建,13.5万円,1LDK,30.04m2,10階
ドゥーエ参宮橋,東京都渋谷区代々木４,築15年,地下1地上4階建,14.4万円,1DK,34.3m2,3階
ドゥーエ参宮橋,東京都渋谷区代々木４,築15年,地下1地上4階建,18万円,1LDK,47.74m2,B1階
ドゥーエ参宮橋,東京都渋谷区代々木４,築15年,地下1地上4階建,19.4万円,1LDK,52.84m2,2階
ドゥーエ参宮橋,東京都渋谷区代々木４,築15年,地下1地上4階建,20.3万円,1LDK,52.25m2,3階
ドゥーエ参宮橋,東京都渋谷区代々木４,築15年,地下1地上4階建,20.3万円,1LDK,52.25m2,4階
ドゥーエ参宮橋,東京都渋谷区代々木４,築15年,地下1地上4階建,20.3万円,1LDK,52.25m2,2階
ドゥーエ参宮橋,東京都渋谷区代々木４,築15年,地下1地上4階建,20.3万円,1LDK,52.25m2,4階
ＪＲ山手線 東京駅 10階建 築6年,東京都中央区八丁堀２,築6年,10階建,16.5万円,1LDK,43.38m2,3階
ＪＲ山手線 東京駅 10階建 築6年,東京都中央区八丁堀２,築6年,10階建,16.5万円,1LDK,43.38m2,3階
ＪＲ山手線 東京駅 10階建 築6年,東京都中央区八丁堀２,築6年,10階建,17.5万円,1LDK,43.5m2,8階
モディア文京小石川,東京都文京区小石川５,新築,5階建,13.2万円,1LDK,32.09m2,1階
モディア文京小石川,東京都文京区小石川５,新築,5階建,16.5万円,1LDK,38.9m2,1階
モディア文京小石川,東京都文京区小石川５,新築,5階建,17.4万円,1LDK,40.02m2,3階
パークアクシス渋谷桜丘ウエスト,東京都渋谷区桜丘町,築16年,14階建,14万円,1K,25.5m2,4階
パークアクシス渋谷桜丘ウエスト,東京都渋谷区桜丘町,築16年,14階建,14.2万円,1K,25.5m2,6階
パークアクシス渋谷桜丘ウエスト,東京都渋谷区桜丘町,築16年,14階建,14.7万円,1K,25.5m2,10階
パークアクシス渋谷桜丘ウエスト,東京都渋谷区桜丘町,築16年,14階建,15.1万円,1K,25.5m2,14階
パークアクシス渋谷桜丘ウエスト,東京都渋谷区桜丘町,築16年,14階建,16.2万円,ワンルーム,31.2m2,4階
パークアクシス渋谷桜丘ウエスト,東京都渋谷区桜丘町,築16年,14階建,18.2万円,1LDK,34.64m2,2階
パークアクシス渋谷桜丘ウエスト,東京都渋谷区桜丘町,築16年,14階建,18.4万円,1LDK,34.64m2,4階
パークアクシス渋谷桜丘ウエスト,東京都渋谷区桜丘町,築16年,14階建,18.4万円,1LDK,34.64m2,4階
パークアクシス渋谷桜丘ウエスト,東京都渋谷区桜丘町,築16年,14階建,20.5万円,1LDK,43.49m2,6階
パークアクシス渋谷桜丘ウエスト,東京都渋谷区桜丘町,築16年,14階建,20.5万円,1LDK,43.49m2,6階
ＪＲ総武線 水道橋駅 13階建 築2年,東京都千代田区神田三崎町３,築2年,13階建,12.5万円,1K,25.99m2,3階
ＪＲ総武線 水道橋駅 13階建 築2年,東京都千代田区神田三崎町３,築2年,13階建,21.5万円,1LDK,41.46m2,13階
ステージグランデ茅場町,東京都中央区新川１,築11年,10階建,10万円,1K,25.66m2,2階
ステージグランデ茅場町,東京都中央区新川１,築11年,10階建,10.5万円,1K,25.69m2,3階
ステージグランデ茅場町,東京都中央区新川１,築11年,10階建,11万円,1K,25.66m2,3階
東京メトロ日比谷線 八丁堀駅 7階建 築7年,東京都中央区新川２,築7年,7階建,12.5万円,1DK,32.94m2,2階
東京メトロ日比谷線 八丁堀駅 7階建 築7年,東京都中央区新川２,築7年,7階建,12.6万円,1DK,33.36m2,1階
東京メトロ日比谷線 八丁堀駅 7階建 築7年,東京都中央区新川２,築7年,7階建,14.8万円,1DK,35.63m2,4階
東京メトロ日比谷線 八丁堀駅 7階建 築7年,東京都中央区新川２,築7年,7階建,14.8万円,1DK,35.63m2,4階
Brillia Tower代々木公園CLASSY　ブリリアタワー代々木,東京都渋谷区富ヶ谷１,築4年,地下1地上19階建,36万円,2LDK,58.66m2,2階
Brillia Tower代々木公園CLASSY　ブリリアタワー代々木,東京都渋谷区富ヶ谷１,築4年,地下1地上19階建,35万円,2LDK,61.53m2,2階
Brillia Tower代々木公園CLASSY　ブリリアタワー代々木,東京都渋谷区富ヶ谷１,築4年,地下1地上19階建,35万円,2LDK,61.53m2,2階
Brillia Tower代々木公園CLASSY　ブリリアタワー代々木,東京都渋谷区富ヶ谷１,築4年,地下1地上19階建,35万円,2LDK,61.53m2,2階
Brillia Tower代々木公園CLASSY　ブリリアタワー代々木,東京都渋谷区富ヶ谷１,築4年,地下1地上19階建,38万円,2LDK,68.42m2,8階
Brillia Tower代々木公園CLASSY　ブリリアタワー代々木,東京都渋谷区富ヶ谷１,築4年,地下1地上19階建,55万円,2LDK,88.94m2,9階
バンブー岩本町,東京都千代田区岩本町２,築16年,13階建,7.9万円,1K,21.62m2,6階
バンブー岩本町,東京都千代田区岩本町２,築16年,13階建,7.9万円,1K,21.62m2,8階
バンブー岩本町,東京都千代田区岩本町２,築16年,13階建,8万円,1K,21.62m2,8階
バンブー岩本町,東京都千代田区岩本町２,築16年,13階建,8.5万円,ワンルーム,21.62m2,6階
バンブー岩本町,東京都千代田区岩本町２,築16年,13階建,8.8万円,1K,21.62m2,6階
バンブー岩本町,東京都千代田区岩本町２,築16年,13階建,8.9万円,1K,21.62m2,8階
バンブー岩本町,東京都千代田区岩本町２,築16年,13階建,9万円,ワンルーム,21.62m2,6階
バンブー岩本町,東京都千代田区岩本町２,築16年,13階建,9.1万円,ワンルーム,21.62m2,8階
バンブー岩本町,東京都千代田区岩本町２,築16年,13階建,10.3万円,ワンルーム,28.9m2,2階
バンブー岩本町,東京都千代田区岩本町２,築16年,13階建,13.6万円,1DK,39.96m2,11階
ミレニアムガーデンコート,東京都千代田区二番町,築23年,地下4地上17階建,24万円,1LDK,53.37m2,8階
ミレニアムガーデンコート,東京都千代田区二番町,築23年,地下4地上17階建,24.5万円,1LDK,56.34m2,12階
ミレニアムガーデンコート,東京都千代田区二番町,築23年,地下4地上17階建,29万円,1LDK,56.34m2,3階
ミレニアムガーデンコート,東京都千代田区二番町,築23年,地下4地上17階建,29万円,1LDK,56.34m2,3階
ミレニアムガーデンコート,東京都千代田区二番町,築23年,地下4地上17階建,29万円,1LDK,56.34m2,3階
ミレニアムガーデンコート,東京都千代田区二番町,築23年,地下4地上17階建,29万円,1LDK,56.34m2,3階
ミレニアムガーデンコート,東京都千代田区二番町,築23年,地下4地上17階建,32.5万円,1LDK,73.76m2,11階
ミレニアムガーデンコート,東京都千代田区二番町,築23年,地下4地上17階建,24万円,1LDK,53.37m2,8階
ミレニアムガーデンコート,東京都千代田区二番町,築23年,地下4地上17階建,61万円,3LDK,135.47m2,16階
レジデンス代々木公園,東京都渋谷区代々木５,築17年,地下1地上4階建,15.1万円,ワンルーム,36.24m2,3階
レジデンス代々木公園,東京都渋谷区代々木５,築17年,地下1地上4階建,15.1万円,ワンルーム,36.24m2,3階
レジデンス代々木公園,東京都渋谷区代々木５,築17年,地下1地上4階建,18.6万円,1LDK,41.26m2,5階
レジデンス代々木公園,東京都渋谷区代々木５,築17年,地下1地上4階建,23万円,1LDK,55.75m2,3階
レジデンス代々木公園,東京都渋谷区代々木５,築17年,地下1地上4階建,24.1万円,1LDK,66.82m2,2階
レジデンス代々木公園,東京都渋谷区代々木５,築17年,地下1地上4階建,35万円,2LDK,72.43m2,4階
グランパレス東京八重洲アベニュー,東京都中央区新川２,築7年,11階建,11.5万円,ワンルーム,28.8m2,2階
グランパレス東京八重洲アベニュー,東京都中央区新川２,築7年,11階建,11.8万円,1K,28.8m2,2階
グランパレス東京八重洲アベニュー,東京都中央区新川２,築7年,11階建,11.9万円,ワンルーム,28.8m2,5階
グランパレス東京八重洲アベニュー,東京都中央区新川２,築7年,11階建,12.8万円,ワンルーム,28.8m2,9階
都営大江戸線 大門駅 地下2地上39階建 築15年,東京都港区芝１,築15年,地下2地上39階建,25万円,2LDK,62.24m2,16階
都営大江戸線 大門駅 地下2地上39階建 築15年,東京都港区芝１,築15年,地下2地上39階建,39.8万円,3LDK,82.37m2,13階
都営大江戸線 大門駅 地下2地上39階建 築15年,東京都港区芝１,築15年,地下2地上39階建,42万円,3LDK,82.37m2,13階
都営大江戸線 大門駅 地下2地上39階建 築15年,東京都港区芝１,築15年,地下2地上39階建,150万円,3LDK,160.75m2,37階
クレストプライムタワー芝,東京都港区芝１,築15年,地下2地上39階建,25万円,2LDK,62.24m2,16階
クレストプライムタワー芝,東京都港区芝１,築15年,地下2地上39階建,27万円,2LDK,66.3m2,16階
クレストプライムタワー芝,東京都港区芝１,築15年,地下2地上39階建,31万円,2LDK,55.32m2,16階
クレストプライムタワー芝,東京都港区芝１,築15年,地下2地上39階建,39.8万円,3LDK,82.37m2,13階
クレストプライムタワー芝,東京都港区芝１,築15年,地下2地上39階建,42万円,3LDK,82.37m2,13階
クレストプライムタワー芝,東京都港区芝１,築15年,地下2地上39階建,42万円,3LDK,82.37m2,13階
クレストプライムタワー芝,東京都港区芝１,築15年,地下2地上39階建,150万円,3LDK,160.75m2,37階
ステージファースト八丁堀,東京都中央区入船２,新築,12階建,12万円,1K,25.56m2,2階
ステージファースト八丁堀,東京都中央区入船２,新築,12階建,12万円,1K,25.56m2,2階
ステージファースト八丁堀,東京都中央区入船２,新築,12階建,12.05万円,1K,25.56m2,3階
ステージファースト八丁堀,東京都中央区入船２,新築,12階建,12.15万円,1K,25.56m2,5階
ステージファースト八丁堀,東京都中央区入船２,新築,12階建,12.15万円,1K,25.56m2,5階
ステージファースト八丁堀,東京都中央区入船２,新築,12階建,12.15万円,1K,25.48m2,2階
ステージファースト八丁堀,東京都中央区入船２,新築,12階建,12.2万円,1K,25.48m2,3階
ステージファースト八丁堀,東京都中央区入船２,新築,12階建,12.25万円,1K,25.56m2,7階
ステージファースト八丁堀,東京都中央区入船２,新築,12階建,12.25万円,1K,25.56m2,7階
ステージファースト八丁堀,東京都中央区入船２,新築,12階建,12.25万円,1K,25.48m2,4階
ステージファースト八丁堀,東京都中央区入船２,新築,12階建,12.3万円,1K,25.56m2,8階
ステージファースト八丁堀,東京都中央区入船２,新築,12階建,12.3万円,1K,25.48m2,5階
ステージファースト八丁堀,東京都中央区入船２,新築,12階建,21.3万円,2LDK,48.65m2,10階
ステージファースト八丁堀,東京都中央区入船２,新築,12階建,21.5万円,2LDK,48.65m2,12階
アルテシモ　フィーノ,東京都千代田区神田三崎町２,築10年,12階建,10.15万円,1K,25.01m2,2階
アルテシモ　フィーノ,東京都千代田区神田三崎町２,築10年,12階建,10.4万円,1K,25.01m2,11階
アルテシモ　フィーノ,東京都千代田区神田三崎町２,築10年,12階建,10.65万円,1K,25.01m2,2階
パークスクエア文京千石,東京都文京区千石４,築30年,地下1地上5階建,15.5万円,1LDK,44.41m2,3階
菱和パレス御茶ノ水駿河台,東京都千代田区神田錦町３,築22年,11階建,8.4万円,1K,22.41m2,3階
東京メトロ丸ノ内線 御茶ノ水駅 15階建 新築,東京都文京区湯島２,新築,15階建,18.5万円,2LDK,40.93m2,2階
東京メトロ丸ノ内線 御茶ノ水駅 15階建 新築,東京都文京区湯島２,新築,15階建,19.1万円,2DK,40.93m2,9階
東京メトロ丸ノ内線 御茶ノ水駅 15階建 新築,東京都文京区湯島２,新築,15階建,19.1万円,2DK,40.93m2,10階
東京メトロ丸ノ内線 御茶ノ水駅 15階建 新築,東京都文京区湯島２,新築,15階建,19.2万円,2DK,40.93m2,11階
東京メトロ丸ノ内線 御茶ノ水駅 15階建 新築,東京都文京区湯島２,新築,15階建,19.2万円,2SDK,40.69m2,12階
東京メトロ丸ノ内線 御茶ノ水駅 15階建 新築,東京都文京区湯島２,新築,15階建,19.3万円,1SDK,40.69m2,3階
東京メトロ丸ノ内線 御茶ノ水駅 15階建 新築,東京都文京区湯島２,新築,15階建,19.3万円,2DK,40.93m2,13階
東京メトロ丸ノ内線 御茶ノ水駅 15階建 新築,東京都文京区湯島２,新築,15階建,19.5万円,1SDK,40.69m2,5階
東京メトロ丸ノ内線 御茶ノ水駅 15階建 新築,東京都文京区湯島２,新築,15階建,19.7万円,2DK,40.93m2,14階
東京メトロ丸ノ内線 御茶ノ水駅 15階建 新築,東京都文京区湯島２,新築,15階建,19.8万円,1SDK,40.69m2,7階
東京メトロ丸ノ内線 御茶ノ水駅 15階建 新築,東京都文京区湯島２,新築,15階建,19.8万円,1SDK,40.69m2,8階
東京メトロ丸ノ内線 御茶ノ水駅 15階建 新築,東京都文京区湯島２,新築,15階建,19.9万円,2DK,40.93m2,15階
東京メトロ丸ノ内線 御茶ノ水駅 15階建 新築,東京都文京区湯島２,新築,15階建,20万円,1SDK,40.45m2,11階
東京メトロ丸ノ内線 御茶ノ水駅 15階建 新築,東京都文京区湯島２,新築,15階建,20.1万円,1SDK,40.45m2,13階
東京メトロ丸ノ内線 御茶ノ水駅 15階建 新築,東京都文京区湯島２,新築,15階建,20.3万円,1SDK,40.69m2,14階
品川ハート　ビュータワー,東京都港区港南１,築4年,地下2地上26階建,28万円,1LDK,55.92m2,21階
品川ハート　ビュータワー,東京都港区港南１,築4年,地下2地上26階建,32.1万円,2LDK,65.06m2,18階
品川ハート　ビュータワー,東京都港区港南１,築4年,地下2地上26階建,32.1万円,2LDK,65.06m2,18階
品川ハート　ビュータワー,東京都港区港南１,築4年,地下2地上26階建,33.7万円,2LDK,70.36m2,22階
品川ハート　ビュータワー,東京都港区港南１,築4年,地下2地上26階建,35.1万円,2LDK,73.52m2,25階
ザ・パークハビオ恵比寿プレイス,東京都渋谷区恵比寿３,築4年,11階建,15.9万円,ワンルーム,28.77m2,4階
ザ・パークハビオ恵比寿プレイス,東京都渋谷区恵比寿３,築4年,11階建,15.9万円,ワンルーム,28.4m2,3階
ザ・パークハビオ恵比寿プレイス,東京都渋谷区恵比寿３,築4年,11階建,15.9万円,ワンルーム,28.23m2,4階
ザ・パークハビオ恵比寿プレイス,東京都渋谷区恵比寿３,築4年,11階建,15.9万円,ワンルーム,28.23m2,5階
ザ・パークハビオ恵比寿プレイス,東京都渋谷区恵比寿３,築4年,11階建,30.8万円,2LDK,54.41m2,4階
ザ・パークハビオ恵比寿プレイス,東京都渋谷区恵比寿３,築4年,11階建,31万円,2LDK,54.15m2,6階
ザ・パークハビオ恵比寿プレイス,東京都渋谷区恵比寿３,築4年,11階建,31万円,2LDK,54.15m2,6階
ザ・パークハビオ恵比寿プレイス,東京都渋谷区恵比寿３,築4年,11階建,32.9万円,2LDK,53.99m2,11階
ザ・パークハビオ恵比寿プレイス,東京都渋谷区恵比寿３,築4年,11階建,32.9万円,2LDK,53.99m2,11階
ザ・パークハビオ恵比寿プレイス,東京都渋谷区恵比寿３,築4年,11階建,33.5万円,2LDK,56.82m2,10階
プライムアーバン恵比寿2,東京都渋谷区広尾１,築17年,地下1地上11階建,11.8万円,ワンルーム,24.32m2,5階
プライムアーバン恵比寿2,東京都渋谷区広尾１,築17年,地下1地上11階建,13.6万円,ワンルーム,24.53m2,3階
プライムアーバン恵比寿2,東京都渋谷区広尾１,築17年,地下1地上11階建,17.3万円,1LDK,37.4m2,6階
プライムアーバン恵比寿2,東京都渋谷区広尾１,築17年,地下1地上11階建,18.3万円,1LDK,37.4m2,3階
プライムアーバン恵比寿2,東京都渋谷区広尾１,築17年,地下1地上11階建,18.8万円,1LDK,37.4m2,8階
ペイサージュ文京,東京都文京区関口１,築13年,10階建,11.8万円,1DK,31.79m2,4階
ペイサージュ文京,東京都文京区関口１,築13年,10階建,12万円,1DK,31.79m2,4階
ペイサージュ文京,東京都文京区関口１,築13年,10階建,12.6万円,1DK,31.79m2,4階
ウェリス六本木,東京都港区六本木３,築9年,17階建,20.5万円,1LDK,40.61m2,8階
ウェリス六本木,東京都港区六本木３,築9年,17階建,22万円,1LDK,37.14m2,8階
ウェリス六本木,東京都港区六本木３,築9年,17階建,28万円,2LDK,56.27m2,12階
ウェリス六本木,東京都港区六本木３,築9年,17階建,28万円,2LDK,56.27m2,6階
ウェリス六本木,東京都港区六本木３,築9年,17階建,30万円,2LDK,56.27m2,14階
ウェリス六本木,東京都港区六本木３,築9年,17階建,34万円,2LDK,56.27m2,17階
ウェリス六本木,東京都港区六本木３,築9年,17階建,32.5万円,2LDK,67.05m2,2階
ウェリス六本木,東京都港区六本木３,築9年,17階建,32.5万円,2LDK,67.05m2,2階
ウェリス六本木,東京都港区六本木３,築9年,17階建,39万円,2LDK,56.27m2,17階
